{"Argentina":{"streams":16132675156,"danceability":null},"Australia":{"streams":8577834547,"danceability":0.6709027452061981},"Austria":{"streams":1503568561,"danceability":0.7052502783620008},"Belarus":{"streams":88062934,"danceability":0.7012630590645259},"Belgium":{"streams":2332516154,"danceability":null},"Bolivia":{"streams":1130077317,"danceability":0.7285486679975341},"Brazil":{"streams":45539903808,"danceability":0.6913383552831762},"Bulgaria":{"streams":242126761,"danceability":0.7090281965263843},"Canada":{"streams":8804769791,"danceability":0.6841129681483907},"Chile":{"streams":14753403242,"danceability":0.752897827835874},"Colombia":{"streams":5488934632,"danceability":null},"Costa Rica":{"streams":1446177823,"danceability":0.7279738282489796},"Cyprus":{"streams":129551886,"danceability":0.7012939760019495},"Czech Republic":{"streams":1307534414,"danceability":0.6868631381283138},"Denmark":{"streams":2890677888,"danceability":0.7060773459308303},"Dominican Republic":{"streams":953738193,"danceability":0.7519921280248508},"Ecuador":{"streams":2304176476,"danceability":0.7356391939439338},"Egypt":{"streams":496048440,"danceability":0.7164623531118308},"El Salvador":{"streams":1057262181,"danceability":0.7316572567028955},"Estonia":{"streams":197618559,"danceability":0.685169274228615},"Finland":{"streams":1842033051,"danceability":null},"France":{"streams":14600053949,"danceability":null},"Germany":{"streams":19940058608,"danceability":0.7186066889632101},"Greece":{"streams":2107214204,"danceability":0.7236751341172959},"Guatemala":{"streams":2093017457,"danceability":0.722333807879855},"Honduras":{"streams":734514556,"danceability":0.7264674477339543},"Hong Kong":{"streams":856406638,"danceability":0.6052249566348509},"Hungary":{"streams":1022271935,"danceability":0.7085306019856685},"Iceland":{"streams":207791618,"danceability":null},"India":{"streams":20428896987,"danceability":0.653311477687081},"Indonesia":{"streams":10159856605,"danceability":null},"Ireland":{"streams":1809324137,"danceability":0.6611787121598144},"Israel":{"streams":1065857766,"danceability":0.661360029870231},"Italy":{"streams":16411983779,"danceability":null},"Japan":{"streams":7322663955,"danceability":0.6110721575649034},"Kazakhstan":{"streams":77795616,"danceability":0.6959794225024949},"Korea":{"streams":446007671,"danceability":0.6628028741608787},"Latvia":{"streams":218155767,"danceability":0.6942549134776043},"Lithuania":{"streams":280619161,"danceability":0.6864503464203212},"Luxembourg":{"streams":135182192,"danceability":null},"Malaysia":{"streams":1860337393,"danceability":0.6236207484751128},"Mexico":{"streams":33118336035,"danceability":0.7128639901517099},"Morocco":{"streams":617000856,"danceability":null},"Netherlands":{"streams":9298384177,"danceability":0.6941817820523021},"New Zealand":{"streams":1578897513,"danceability":0.672096659051952},"Nicaragua":{"streams":400663350,"danceability":0.7292003226484999},"Nigeria":{"streams":224006524,"danceability":0.7328151605147827},"Norway":{"streams":3541167831,"danceability":null},"Pakistan":{"streams":102983691,"danceability":0.676825352112675},"Panama":{"streams":857349783,"danceability":0.7237079980610555},"Paraguay":{"streams":2196081558,"danceability":0.7301177329924555},"Peru":{"streams":5867678731,"danceability":0.7338432351131469},"Philippines":{"streams":8677192053,"danceability":null},"Poland":{"streams":11180326845,"danceability":null},"Portugal":{"streams":1906210190,"danceability":0.6927672522451315},"Romania":{"streams":705081642,"danceability":0.7252943721142954},"Saudi Arabia":{"streams":507261455,"danceability":0.6686200810757132},"Singapore":{"streams":1486605970,"danceability":0.6249922855846088},"Slovakia":{"streams":544987327,"danceability":0.701994736203789},"South Africa":{"streams":1286179282,"danceability":0.7275946851569414},"Spain":{"streams":21169588904,"danceability":0.7364464622641724},"Sweden":{"streams":5422919724,"danceability":0.6723048589713},"Switzerland":{"streams":1806095883,"danceability":0.6989798663290263},"Taiwan":{"streams":1565647220,"danceability":0.6011202617943716},"Thailand":{"streams":2211390343,"danceability":0.6504860543147372},"Turkey":{"streams":9980608601,"danceability":0.6679980356602976},"United Arab Emirates":{"streams":367379651,"danceability":0.680286826940357},"United Kingdom":{"streams":15682121435,"danceability":0.6747814054725969},"Ukraine":{"streams":841290157,"danceability":0.7193722398974194},"Uruguay":{"streams":1117615013,"danceability":null},"United States":{"streams":57853815777,"danceability":0.6807123955745935},"Venezuela":{"streams":184467772,"danceability":0.7295830033003324},"Vietnam":{"streams":1619532953,"danceability":0.6824300082727339}}